{
    "loss": 2.979783773422241,
    "accuracy": 0.5035971403121948
}