{
    "loss": 3.7913897037506104,
    "accuracy": 0.5035971403121948
}